fecha_venta,hora_venta,Producto,Valor_sugerido,venta_final,venta_inventario,valor_compra,contribucion,Comprador,fecha_ingreso_inventario,NOMBRE,sexo_producto,color_prenda,talla_prenda,proveedor,OBSERVACIONES
2022-05-31,1330,Gaban Negro Totas,89000,82000,,,,Mujer,,,,,,,
2022-05-31,1330,Blusa rosa Tulcan,66000,58000,,,,Mujer,,,,,,,
2022-06-01,1600,Blusa tejida caracol,59000,50000,,,,Mujer,,,,,,,
2022-06-02,1000,Gaban Murcielago,72000,60000,,,,Mujer,,,,,,,
2022-06-06,1400,Chaqueta Totas,93000,72500,,,,Hombre,,,,,,,
2022-06-06,1400,Chaqueta Totas,93000,72500,,,,Hombre,,,,,,,
2022-06-07,1000,Buso cuello alto Totas,69000,50000,,,,Mujer,,,,,,,
2022-06-06,1700,Chaqueta Totas,64000,53000,,,,Pareja,,,,,,,
2022-06-09,1100,Buso cierre Gamuza,64000,55000,,,,Hombre,,,,,,,
2022-06-09,1600,Buso cuello alto Totas,59000,55000,,,,Hombre,,,,,,,
2022-06-11,1630,Blusa a rayas,66000,55000,,,,Mujer,,,,,,,
2022-06-12,900,Blusa Gris Lisa,66000,60000,,,,Mujer,,,,,,,
2022-06-14,1100,Buzo Polar Azul,59000,55000,,,,Mujer,,,,,,,
2022-06-14,1100,Buzo Polar Azul,59000,50000,,,,Mujer,,,,,,,
2022-06-14,1200,1037,70000,60000,70000,38000,22000,Mujer,2022-06-07,SIGMA,HOMBRE,,,TOTAS,
2022-06-14,1300,Gaban Largo Totas,69000,60000,,,,Mujer,,,,,,,
2022-06-14,1700,Buzo Cuello Alto Totas,60000,55000,,,,Mujer,,,,,,,
2022-06-14,1700,1030,75000,70000,75000,42000,28000,Mujer,2022-06-07,MAJO,MUJER,,,TOTAS,
2022-06-14,1700,Buzo Rayas,60000,55000,,,,Mujer,,,,,,,
2022-06-14,1800,Buzo Canguro,60000,55000,,,,Mujer,,,,,,,
2022-06-14,1800,Blusa Murcielago,66000,60000,,,,Mujer,,,,,,,
2022-06-15,1200,1028,70000,65000,70000,38000,27000,Mujer,2022-06-07,ITALIA,HOMBRE,,,TOTAS,
2022-06-16,1000,1002,75000,65000,75000,41000,24000,Mujer,2022-06-07,ACUARELA,MUJER,,,TOTAS,
2022-06-16,1030,Buzo Palo de Rosa,60000,55000,,,,Mujer,,,,,,,
2022-06-16,1100,Buzo Rayado Azul,60000,50000,,,,Mujer,,,,,,,
2022-06-16,1130,1035,75000,67000,75000,41000,26000,Mujer,2022-06-07,SIENA,MUJER,,,TOTAS,
2022-06-17,1100,Gaban Murcielago,72000,68000,,,,Mujer,,,,,,,
2022-06-17,1700,Chaqueta XL Totas,93000,85000,,,,Hombre,,,,,,,
2022-06-18,1200,Buzo Escalera,60000,55000,,,,Mujer,,,,,,,
2022-06-18,1530,Buso Azul Chispiado,60000,50000,,,,Mujer,,,,,,,
2022-06-18,1530,Buzo Cuello Alto,60000,50000,,,,Mujer,,,,,,,
2022-06-20,1230,1036,38000,38000,70000,38000,0,Familia,2022-06-07,SIGMA,HOMBRE,NEGRO,U,TOTAS,
2022-06-21,1500,Chaqueta azul totas,62000,55000,,,,Mujer,,,,,,,
2022-06-21,1600,1006,70000,60000,70000,40000,20000,Mujer,2022-06-07,AURA,MUJER,,,TOTAS,
2022-06-23,1500,Buzo Verde,60000,60000,,,,Mujer,,,,,,,
2022-06-23,1530,Buzo Gris Claro Totas,68000,68000,,,,Hombre,,,,,,,
2022-06-23,1800,Saco Largo Ajedrez,72000,68000,,,,Mujer,,,,,,,
2022-06-24,1700,Camisera LuisFer,22000,22000,,,,Pareja,,,,,,,
2022-06-24,1730,Gaban Negro,78000,70000,,,,Mujer,,,,,,,
2022-06-25,,Buzo Totas Azul Oscuro,68000,60000,,,,Mujer,,,,,,,
2022-06-25,,Buzo Motoso Rosa,60000,50000,,,,Mujer,,,,,,,
2022-06-25,,Buzo Hilo Dama,60000,50000,,,,Mujer,,,,,,,
2022-06-25,,Buzo totas cuello alto,65000,60000,,,,Mujer,,,,,,,
2022-06-25,,Buzo hilo Hilo Dama,60000,50000,,,,Mujer,,,,,,,
2022-06-25,,Buzo Dama Rojo,60000,50000,,,,Mujer,,,,,,,
2022-06-25,,Saco Abierto,65000,65000,,,,Hombre,,,,,,,
2022-06-25,,Buzo Cuadrado Dama Totas,69000,60000,,,,Hombre,,,,,,,
2022-06-29,1230,0018,60000,55000,60000,34666,20334,Mujer,2022-06-01,BUZO CUELLO ALTO,MUJER,GRIS CLARO,U,TULCAN,
2022-06-29,1430,Buzo Blanco,60000,55000,,,,Mujer,,,,,,,
2022-06-29,1900,0038,70000,60000,70000,40000,20000,Mujer,2022-06-01,AVA,MUJER,NEGRO,U,TOTAS,
2022-05-23,,Gaban,60000,60000,,,,Familia,,,,,,,
2022-06-30,,1084,85000,85000,85000,60000,25000,Familia,2022-06-16,CHAQUETA,HOMBRE,NEGRO,M,TEJIDOS RICHARDS,VENDIDO DIANA
2022-06-30,,1077,15000,15000,20000,8300,6700,Familia,2022-06-16,BASICA,MUJER,NARANJA,S,ETANOL CAMISAS,VENDIDO AURA
2022-07-01,1030,1014,75000,70000,75000,43000,27000,Pareja,2022-06-07,COCO,MUJER,,,TOTAS,
2022-07-01,1230,0015,60000,50000,60000,34666,15334,Mujer,2022-06-01,MOTITAS,MUJER,NEGRO,U,TULCAN,
2022-07-01,1230,0078,60000,50000,60000,34666,15334,Mujer,2022-06-01,CUELLO ABIERTO,MUJER,MOSTAZA,U,TULCAN,
2022-07-01,1630,0030,60000,55000,60000,34666,20334,Mujer,2022-06-01,CANGURO,MUJER,GRIS CLARO,U,TULCAN,
2022-07-01,1700,0056,60000,55000,60000,34667,20333,Mujer,2022-06-01,ETNICO,MUJER,GRIS,U,TULCAN,
2022-07-02,1230,0091,55000,50000,55000,31333,18667,Mujer,2022-06-01,CUELLO BANDEJA CORTO,MUJER,ROSADO,U,TULCAN,
2022-07-02,1400,0011,60000,55000,60000,34666,20334,Mujer,2022-06-01,BUZO ACANALADO,MUJER,BEIGE,U,TULCAN,
2022-07-02,1600,0031,60000,55000,60000,34666,20334,Mujer,2022-06-01,CANGURO,MUJER,BEIGE,U,TULCAN,
2022-07-02,1630,0020,60000,55000,60000,34666,20334,Mujer,2022-06-01,BUZO CUELLO ALTO,MUJER,ROSADO,U,TULCAN,
2022-07-02,1730,0057,60000,55000,60000,34667,20333,Mujer,2022-06-01,ETNICO,MUJER,CREMA,U,TULCAN,
2022-07-04,830,1081,70000,65000,70000,42000,23000,Hombre,2022-06-16,CHALECO,HOMBRE,NEGRO,M,TEJIDOS RICHARDS,
2022-07-04,1000,0032,60000,55000,60000,34666,20334,Mujer,2022-06-01,CANGURO,MUJER,BLANCO,U,TULCAN,
2022-07-04,1200,0058,60000,50000,60000,34667,15333,Mujer,2022-06-01,ETNICO,MUJER,BLANCO,U,TULCAN,
2022-07-04,1330,0007,65000,60000,65000,38000,22000,Hombre,2022-06-01,BOLIVAR,HOMBRE,GRIS,U,TOTAS,
2022-07-04,1500,0036,60000,55000,60000,34666,20334,Mujer,2022-06-01,LLACADO CON FELPA,MUJER,CAFE,U,TULCAN,
2022-07-05,1530,0013,60000,55000,60000,34666,20334,,2022-06-01,BUZO ACANALADO,MUJER,NEGRO,U,TULCAN,
2022-07-05,1700,0012,60000,55000,60000,34666,20334,Mujer,2022-06-01,BUZO ACANALADO,MUJER,CAFE,U,TULCAN,
2022-07-05,1730,1004,70000,65000,70000,38000,27000,Mujer,2022-06-07,AMORE,MUJER,NEGRO,U,TOTAS,
2022-07-05,1730,0120,60000,55000,60000,34000,21000,Hombre,2022-06-01,POLO V,HOMBRE,GRIS,U,TOTAS,
2022-07-06,1130,1046,22000,15000,22000,10300,4700,Hombre,2022-06-16,BASICA,HOMBRE,ROJO,S,ETANOL CAMISAS,
2022-07-06,1130,1045,22000,15000,22000,10300,4700,Hombre,2022-06-16,BASICA,HOMBRE,NEGRO,M,ETANOL CAMISAS,
2022-07-06,1230,1058,20000,15000,20000,8300,6700,Mujer,2022-06-16,BASICA,MUJER,ROSADO,L,ETANOL CAMISAS,
2022-07-06,1230,1059,20000,15000,20000,8300,6700,Mujer,2022-06-16,BASICA,MUJER,ROSADO,L,ETANOL CAMISAS,
2022-07-06,1230,1075,20000,15000,20000,9100,5900,Mujer,2022-06-16,BASICA,MUJER,GRIS,XL,ETANOL CAMISAS,
2022-07-06,1230,1069,20000,15000,20000,9100,5900,Mujer,2022-06-16,BASICA,MUJER,BLANCO,XXL,ETANOL CAMISAS,
2022-07-06,1500,0016,60000,50000,60000,34666,15334,Mujer,2022-06-01,MOTITAS,MUJER,VERDE CLARO,U,TULCAN,
2022-07-06,1700,0090,55000,50000,55000,31333,18667,Mujer,2022-06-01,CUELLO BANDEJA CORTO,MUJER,ROSADO,U,TULCAN,
2022-07-07,1500,1061,20000,15000,20000,8300,6700,Mujer,2022-06-16,BASICA,MUJER,GRIS,L,ETANOL CAMISAS,
2022-07-08,1630,1117,75000,70000,75000,43000,27000,Mujer,2022-07-04,CHAQUETA COCO,MUJER,NEGRO,U,TOTAS,
2022-07-08,1830,0070,66000,55000,66000,38666,16334,Mujer,2022-06-01,BUZO SANDYTEX,MUJER,AGUA MARINA,U,TULCAN,
2022-07-09,1630,0126,76000,70000,76000,43000,27000,Mujer,2022-06-01,GABAN SMOKING,MUJER,NEGRO,M,TOTAS,
2022-07-09,2000,0035,60000,55000,60000,34666,20334,Mujer,2022-06-01,LLACADO CON FELPA,MUJER,GRIS,U,TULCAN,
2022-07-13,1830,0089,55000,50000,55000,31333,18667,Mujer,2022-06-01,CUELLO BANDEJA CORTO,MUJER,ROJO,U,TULCAN,
2022-07-15,1730,0082,60000,55000,60000,34666,20334,Hombre,2022-06-01,BUZO ESCALERA,HOMBRE,GRIS CLARO,U,TULCAN,
2022-07-16,1600,0019,60000,55000,60000,34666,20334,Hombre,2022-06-01,BUZO CUELLO ALTO,MUJER,GRIS OSCURO,U,TULCAN,
2022-07-16,1630,1131,95000,85000,95000,69000,16000,Hombre,2022-07-04,APLIQUE,HOMBRE,GRIS,L,TOTAS,
2022-07-16,1730,0069,66000,60000,66000,38666,21334,Mujer,2022-06-01,BUZO RAYAS,MUJER,BLANCO,U,TULCAN,
2022-07-16,1600,0060,60000,55000,60000,34667,20333,Mujer,2022-06-01,ETNICO,MUJER,AZUL OSCURO,U,TULCAN,
2022-07-19,,0068,66000,50000,66000,38666,11334,,2022-06-01,BUZO RAYAS,MUJER,ROSADO,U,TULCAN,
2022-07-21,1700,1029,75000,70000,75000,42000,28000,Mujer,2022-06-07,MAJO,MUJER,,,TOTAS,
2022-07-22,1500,0106,78000,70000,78000,46000,24000,Mujer,2022-06-01,CAP NOA,MUJER,ROSADO,U,TULCAN,
2022-07-23,1630,0034,60000,55000,60000,34666,20334,Mujer,2022-06-01,LLACADO CON FELPA,MUJER,ROSADO,U,TULCAN,
2022-07-23,1730,0052,60000,55000,60000,34667,20333,Mujer,2022-06-01,ETNICO,MUJER,ROSADO,U,TULCAN,
2022-07-26,1230,0023,72000,65000,72000,42666,22334,Mujer,2022-06-01,PUNTEADO,MUJER,NEGRO,U,TULCAN,
2022-07-28,1600,0076,60000,55000,60000,34666,20334,Mujer,2022-06-01,CUELLO ABIERTO,MUJER,PIEL,U,TULCAN,
2022-07-29,1000,0083,60000,55000,60000,34666,20334,Mujer,2022-06-01,BUZO ESCALERA,HOMBRE,AZUL OSCURO,U,TULCAN,
2022-07-30,1700,1016,65000,60000,65000,35000,25000,Hombre,2022-06-07,DEMI,HOMBRE,GRIS CLARO,U,TOTAS,
2022-08-01,1700,0063,66000,60000,66000,38666,21334,Mujer,2022-06-01,BUZO SANDYTEX,MUJER,ROJO,U,TULCAN,
2022-08-08,1830,0033,60000,55000,60000,34666,20334,Mujer,2022-06-01,CANGURO,MUJER,PERLA,U,TULCAN,
2022-08-09,1330,0048,72000,65000,72000,42667,22333,,2022-06-01,AJEDREZ,MUJER,ROSADO,U,TULCAN,
2022-08-11,1300,0100,65000,60000,65000,39000,21000,Mujer,2022-06-01,TOPACIO,MUJER,GRIS,U,TOTAS,
2022-08-11,1700,0022,72000,65000,72000,42666,22334,Mujer,2022-06-01,PUNTEADO,MUJER,GRIS CLARO,U,TULCAN,
2022-08-11,1730,0065,66000,60000,66000,38666,21334,Mujer,2022-06-01,BUZO RAYAS,MUJER,ROJO,U,TULCAN,
2022-08-12,1300,1012,65000,60000,75000,43000,17000,Mujer,2022-06-07,BLAZER,HOMBRE,NEGRO,S,TOTAS,
2022-08-12,1800,1068,20000,15000,20000,8300,6700,Mujer,2022-06-16,BASICA,MUJER,ROJO,M,ETANOL CAMISAS,
2022-08-12,1830,1247,50000,50000,50000,30000,20000,Mujer,2022-08-11,BUSO CUELLO,UNISEX,GRIS,M,ETANOL CAMISAS,
2022-08-13,1530,1208,25000,20000,25000,12300,7700,Mujer,2022-08-11,CAMIBUSO,MUJER,GRIS,M,ETANOL CAMISAS,
2022-08-11,,1209,25000,20000,25000,12300,7700,Familia,2022-08-11,CAMIBUSO,MUJER,AZUL,M,ETANOL CAMISAS,
2022-08-11,,1213,25000,20000,25000,13800,6200,Familia,2022-08-11,CAMIBUSO,HOMBRE,GRIS,M,ETANOL CAMISAS,
2022-08-20,900,1252,25000,20000,25000,12300,7700,Mujer,2022-08-20,CAMIBUSO,MUJER,NEGRO,M,ETANOL CAMISAS,VENDIDO A AURA
2022-08-23,1030,0004,60000,35000,60000,35000,0,Familia,2022-06-01,CAPOTA SOLO FONDO,HOMBRE,GRIS,U,TOTAS,
2022-08-13,1530,1205,25000,20000,18000,9300,10700,Mujer,2022-08-11,CAMISILLA,MUJER,ROJO,M,ETANOL CAMISAS,
2022-08-13,1600,0116,76000,70000,76000,43000,27000,Hombre,2022-06-01,GABAN SMOKING,MUJER,NEGRO,S,TOTAS,
2022-08-14,900,0045,72000,65000,72000,42667,22333,Mujer,2022-06-01,SACO LARGO CUADROS,MUJER,GRIS,U,TULCAN,
2022-08-14,1200,0059,60000,60000,60000,34667,25333,Mujer,2022-06-01,ETNICO,MUJER,AZUL,U,TULCAN,
2022-08-15,900,1172,55000,50000,55000,28000,22000,Mujer,2022-08-06,504 - BUSO BANDEJA,MUJER,NEGRO,U,PARADISE,
2022-08-15,1000,1148,70000,65000,70000,35000,30000,,2022-07-22,BUSON,MUJER,ROSADO,U,TEJIDOS RICHARDS,
2022-08-15,1030,1177,70000,65000,70000,45000,20000,,2022-08-11,CHOMPA CIERRE,UNISEX,GRIS,L,ETANOL CAMISAS,
2022-08-15,1130,1152,70000,65000,65000,35000,30000,Mujer,2022-07-22,BUSON,MUJER,GRIS,U,TEJIDOS RICHARDS,
2022-08-15,1200,1034,75000,70000,75000,41000,29000,Mujer,2022-06-07,SIENA,MUJER,,,TOTAS,
2022-08-15,1500,0009,70000,60000,70000,38000,22000,Hombre,2022-06-01,ITALIA,HOMBRE,GRIS,U,TOTAS,
2022-08-15,1500,1109,75000,67000,75000,43000,24000,Mujer,2022-07-04,CHAQUETA COCO,MUJER,NEGRO,U,TOTAS,
2022-08-17,1630,0064,66000,60000,66000,38666,21334,Mujer,2022-06-01,BUZO SANDYTEX,MUJER,MOSTAZA,U,TULCAN,
2022-08-17,1700,0067,66000,60000,66000,38666,21334,Mujer,2022-06-01,BUZO RAYAS,MUJER,NEGRO,U,TULCAN,
2022-08-17,1700,1157,70000,60000,65000,35000,25000,Mujer,2022-07-22,BUSO CLASICO,MUJER,VERDE,U,TEJIDOS RICHARDS,
2022-08-18,,0128,65000,60000,67000,38600,21400,Hombre,2022-06-01,PARMA,HOMBRE,GRIS,U,TOTAS,
2022-08-20,,1245,50000,45000,50000,30000,15000,,2022-08-11,BUSO CUELLO,UNISEX,BEIGE,M,ETANOL CAMISAS,
2022-08-24,1700,1262,25000,20000,25000,12300,7700,Mujer,2022-08-20,CAMIBUSO,MUJER,AZUL,XL,ETANOL CAMISAS,
2022-08-26,1900,0017,60000,55000,60000,34666,20334,Mujer,2022-06-01,BUZO CUELLO ALTO,MUJER,TOMATE,U,TULCAN,
2022-08-27,1400,0105,60000,55000,60000,34666,20334,Mujer,2022-06-01,BUZO RAYADO,MUJER,CREMA,U,TULCAN,
2022-08-27,1600,0129,60000,55000,60000,34000,21000,Mujer,2022-06-01,POLO REDONDO,HOMBRE,AZUL,U,TOTAS,
2022-08-27,1700,0104,60000,55000,60000,34666,20334,Mujer,2022-06-01,BUZO RAYADO,MUJER,GRIS,U,TULCAN,
2022-08-29,1300,1032,60000,55000,60000,30000,25000,Hombre,2022-06-07,POLO,HOMBRE,GRIS OSCURO,U,TOTAS,
2022-08-29,1700,1103,90000,85000,90000,55000,30000,Mujer,2022-07-04,GABAN CYAN,MUJER,GRIS,XL,TOTAS,
2022-08-31,1530,1167,55000,50000,55000,28000,22000,,2022-08-06,507 - BUSO CORTO CUELLO CAIDO,MUJER,NEGRO,U,PARADISE,
2022-09-08,1000,1306,65000,55000,65000,36295,18705,Mujer,2022-09-08,CUELLO V,MUJER,AZUL,U,TULCAN,VENDIDO MARCIA
2022-09-08,1000,1307,65000,55000,65000,36295,18705,Mujer,2022-09-08,CUELLO V,MUJER,GRIS,U,TULCAN,VENDIDO MARCIA
2022-09-08,1000,1338,67645,55000,67645,38430,16570,Mujer,2022-09-08,BORLITAS,MUJER,GRIS,U,TULCAN,VENDIDO MARCIA
2022-09-01,1000,0103,60000,55000,60000,34666,20334,,2022-06-01,BUZO RAYADO,MUJER,NEGRO,U,TULCAN,
2022-09-03,1200,1277,50000,30000,50000,30000,0,Familia,2022-08-20,BUSO CUELLO,UNISEX,GRIS,S,ETANOL CAMISAS,
2022-09-06,1200,1136,75000,70000,70000,42000,28000,Mujer,2022-07-15,MAJO,MUJER,NEGRO,U,TOTAS,
2022-09-06,1630,0074,75000,70000,74000,44000,26000,Mujer,2022-06-01,GABAN HOMBRE,HOMBRE,NEGRO,U,TOTAS,
2022-09-06,1830,1086,85000,80000,85000,50000,30000,Mujer,2022-07-04,GABAN CUADROS,MUJER,NEGRO-BLANCO,L,TOTAS,
2022-09-07,1300,0021,72000,70000,72000,42666,27334,Mujer,2022-06-01,PUNTEADO,MUJER,AZUL,U,TULCAN,
2022-09-09,1830,1211,25000,22000,25000,13800,8200,Hombre,2022-08-11,CAMIBUSO,HOMBRE,VINOTINTO,S,ETANOL CAMISAS,
2022-09-10,1000,1111,75000,70000,75000,41000,29000,,2022-07-04,SIENA,MUJER,NEGRO,L,TOTAS,
2022-09-11,1000,1261,25000,22000,25000,12300,9700,Mujer,2022-08-20,CAMIBUSO,MUJER,AZUL,L,ETANOL CAMISAS,
2022-09-11,1100,1285,50000,45000,50000,30000,15000,Mujer,2022-08-20,BUSO CUELLO,UNISEX,ROSADO,L,ETANOL CAMISAS,
2022-09-11,1130,0098,65000,60000,65000,38000,22000,Mujer,2022-06-01,CAIRO,HOMBRE,NEGRO,U,TOTAS,
2022-09-12,1100,1325,70000,65000,70000,42700,22300,Mujer,2022-09-08,CUELLO ABIERTO,MUJER,TERRACOTA,U,TULCAN,
2022-09-12,1130,0055,75000,70000,75000,44666,25334,Mujer,2022-06-01,GABAN CUADRADO,MUJER,GRIS,U,TULCAN,
2022-09-13,900,1183,28000,22000,28000,18300,3700,Mujer,2022-08-11,TIPO POLO,UNISEX,GRIS,S,ETANOL CAMISAS,
2022-09-14,1100,1263,25000,20000,25000,12300,7700,,2022-08-20,CAMIBUSO,MUJER,NEGRO,L,ETANOL CAMISAS,
2022-09-14,1100,1257,25000,20000,25000,12300,7700,,2022-08-20,CAMIBUSO,MUJER,ROSADO,M,ETANOL CAMISAS,
2022-09-14,1200,0046,72000,70000,72000,42667,27333,Mujer,2022-06-01,SACO LARGO CUADROS,MUJER,AZUL,U,TULCAN,
2022-09-14,1230,1033,60000,55000,60000,30000,25000,Hombre,2022-06-07,POLO,HOMBRE,AZUL,U,TOTAS,
2022-09-14,1700,0002,65000,60000,65000,39000,21000,Mujer,2022-06-01,TOPACIO,MUJER,GRIS,M,TOTAS,
2022-09-15,1230,1126,70000,60000,70000,38000,22000,Mujer,2022-07-04,CHAQUETA SIGMA ,HOMBRE,AZUL,U,TOTAS,
2022-09-15,1830,1300,70000,62000,70000,40565,21435,Mujer,2022-09-08,CONCHA,MUJER,CREMA,U,TULCAN,
2022-09-15,1830,1317,70000,62000,70000,38430,23570,Hombre,2022-09-08,CUELLO REDONDO,HOMBRE,GRIS OSCURO,U,TULCAN,
2022-09-17,1700,0028,68000,65000,68000,40000,25000,Mujer,2022-06-01,LEOPARDO,MUJER,ROSADO,U,TULCAN,
2022-09-17,,1128,80000,70000,80000,46000,24000,,2022-07-04,GABAN MILITAR,MUJER,NEGRO,L,TOTAS,
2022-09-20,,1007,70000,65000,70000,40000,25000,,2022-06-07,AURA,MUJER,MORADO,U,TOTAS,
2022-09-21,1230,1079,95000,85000,95000,68000,17000,Mujer,2022-06-16,CHAQUETA,HOMBRE,GRIS,XL,TEJIDOS RICHARDS,
2022-09-21,1230,1264,25000,20000,25000,12300,7700,Mujer,2022-08-20,CAMIBUSO,MUJER,NEGRO,XL,ETANOL CAMISAS,
2022-09-21,1230,1258,25000,20000,25000,12300,7700,Mujer,2022-08-20,CAMIBUSO,MUJER,VERDE,XL,ETANOL CAMISAS,
2022-09-21,1530,1019,75000,65000,75000,45000,20000,Mujer,2022-06-07,GABAN HOMBRE,HOMBRE,NEGRO,U,TOTAS,
2022-09-22,1200,1302,70000,65000,70000,40565,24435,Mujer,2022-09-08,NURIJEF,MUJER,GRIS,U,TULCAN,
2022-09-23,1800,1320,75000,70000,75000,42700,27300,,2022-09-08,CUELLO AMPLIO,MUJER,VERDE,U,TULCAN,
2022-09-23,1830,1308,65000,60000,65000,36295,23705,,2022-09-08,CUELLO V,MUJER,BEIGE,U,TULCAN,
2022-09-24,1000,1100,95000,80000,95000,69000,11000,Hombre,2022-07-04,CHAQUETA APLIQUE,HOMBRE,NEGRO,M,TOTAS,
2022-09-24,1400,1104,80000,70000,80000,46000,24000,,2022-07-04,GABAN SMOKING,MUJER,GRIS,XL,TOTAS,
2022-09-24,1500,0112,75000,65000,72000,42000,23000,Mujer,2022-06-01,GABAN MURCIELAGO,MUJER,BEIS,U,TULCAN,
2022-09-24,1500,1105,75000,65000,75000,41000,24000,Mujer,2022-07-04,SIENA,MUJER,NEGRO,M,TOTAS,
2022-09-28,,1282,50000,45000,50000,30000,15000,,2022-08-20,BUSO CUELLO,UNISEX,ROJO,L,ETANOL CAMISAS,
2022-09-29,1700,1326,70000,65000,70000,42700,22300,Mujer,2022-09-08,CUELLO ABIERTO,MUJER,MOSTAZA,U,TULCAN,
2022-10-01,1630,1115,70000,60000,70000,38000,22000,Hombre,2022-07-04,CHAQUETA SIGMA,HOMBRE,GRIS MEDIO,U,TOTAS,
2022-10-01,1700,0050,72000,65000,72000,42667,22333,Mujer,2022-06-01,AJEDREZ,MUJER,GRIS,U,TULCAN,
2022-10-03,1400,1346,60000,55000,60000,32000,23000,Hombre,2022-10-02,POLO,HOMBRE,NEGRO,S,TOTAS,
2022-10-03,1600,1304,70000,60000,70000,40565,19435,Mujer,2022-09-08,NURIJEF,MUJER,GRIS,U,TULCAN,
2022-10-03,1400,1031,60000,50000,60000,32000,18000,Mujer,2022-06-07,POLO,HOMBRE,AZUL,XXL,TOTAS,
2022-10-03,1400,0115,60000,50000,60000,35000,15000,Mujer,2022-06-01,CAPOTA SOLO FONDO,HOMBRE,BEIGE,U,TOTAS,
2022-10-04,1200,1289,70000,60000,70000,40565,19435,Hombre,2022-09-08,BUZO ESCALERA,HOMBRE,CAFE,U,TULCAN,
2022-10-05,1800,1331,70000,60000,70000,40565,19435,Mujer,2022-09-08,CANGURO,MUJER,GRIS,U,TULCAN,
2022-10-05,1900,1363,50000,45000,50000,27000,18000,Mujer,2022-10-02,CHALECO LOLA,MUJER,NEGRO,U,TOTAS,
2022-10-06,1200,1361,50000,45000,50000,27000,18000,Mujer,2022-10-02,CHALECO LOLA,MUJER,AGUA MARINA,U,TOTAS,
2022-10-07,1200,0041,70000,60000,70000,40000,20000,Mujer,2022-06-01,MARA,MUJER,MORADO,S,TOTAS,
2022-10-08,,0075,68000,55000,68000,40000,15000,,2022-06-01,FLORIDA,HOMBRE,NEGRO,U,TOTAS,
2022-10-08,1900,0014,60000,60000,60000,34666,25334,Mujer,2022-06-01,BUZO ACANALADO,MUJER,GRIS,U,TULCAN,
2022-10-10,1100,1294,70000,65000,70000,38430,26570,,2022-09-08,LLACADO CON FELPA,MUJER,CAFE,U,TULCAN,
2022-10-14,1000,1063,20000,15000,20000,8300,6700,Mujer,2022-06-16,BASICA,MUJER,NEGRO,M,ETANOL CAMISAS,
2022-10-14,1100,1085,70000,65000,70000,38000,27000,Hombre,2022-07-04,GAMUZA,HOMBRE,NEGRO,XL,TOTAS,
2022-10-14,1200,0049,72000,65000,72000,42667,22333,Mujer,2022-06-01,AJEDREZ,MUJER,CAFE,U,TULCAN,
2022-10-14,1500,1379,55000,50000,55000,29000,21000,Mujer,2022-10-02,GOOD,MUJER,NEGRO,U,TOTAS,
2022-10-14,1500,1290,70000,63000,70000,40565,22435,Hombre,2022-09-08,BUZO ESCALERA,HOMBRE,GRIS,U,TULCAN,
2022-10-14,1500,1278,50000,45000,50000,30000,15000,Mujer,2022-08-20,BUSO CUELLO,UNISEX,GRIS,M,ETANOL CAMISAS,
2022-10-14,1800,1127,70000,70000,70000,38000,32000,Hombre,2022-07-04,ITALIA,HOMBRE,NEGRO,XL,TOTAS,
2022-10-15,1100,1292,70000,60000,70000,38430,21570,Mujer,2022-09-08,LLACADO CON FELPA,MUJER,ROSADO,U,TULCAN,
2022-10-17,1100,1120,65000,55000,65000,35000,20000,Mujer,2022-07-04,CAPOTA SOLO FONDO,HOMBRE,AZUL,XL,TOTAS,
2022-10-17,1200,0114,60000,55000,60000,35000,20000,Mujer,2022-06-01,CAPOTA SOLO FONDO,HOMBRE,VINOTINTO,XL,TOTAS,
2022-10-20,,1005,70000,65000,70000,38000,27000,,2022-06-07,AMORE,MUJER,MORADO,U,TOTAS,
2022-10-24,1600,1066,20000,15000,20000,9100,5900,Mujer,2022-06-16,BASICA,MUJER,AZUL,XXL,ETANOL CAMISAS,
2022-10-24,1730,1207,25000,20000,25000,12300,7700,Mujer,2022-08-11,CAMIBUSO,MUJER,ROSADO,L,ETANOL CAMISAS,
2022-10-25,,1353,70000,65000,70000,40000,25000,,2022-10-02,KABUL,HOMBRE,NEGRO,U,TOTAS,
2022-10-26,,1281,50000,45000,50000,30000,15000,,2022-08-20,BUSO CUELLO,UNISEX,ROJO,M,ETANOL CAMISAS,
2022-10-28,1100,0111,72000,70000,72000,42000,28000,Mujer,2022-06-01,GABAN MURCIELAGO,MUJER,NEGRO,U,TULCAN,
2022-10-28,1200,1110,75000,65000,75000,42000,23000,Hombre,2022-07-04,URBAN CHICAGO,HOMBRE,NEGRO,U,TOTAS,
2022-10-28,1200,0073,75000,65000,74000,44000,21000,Hombre,2022-06-01,GABAN HOMBRE,HOMBRE,GRIS MEDIO,U,TOTAS,
2022-10-29,,1352,75000,65000,75000,41000,24000,,2022-10-02,SIENA,MUJER,GRIS CLARO,L,TOTAS,
2022-10-29,,1347,75000,66000,75000,41000,25000,,2022-10-02,SIENA,MUJER,GRIS CLARO,M,TOTAS,
2022-10-29,,1366,75000,65000,75000,42000,23000,,2022-10-02,VIOLETA,MUJER,NEGRO,U,TOTAS,
2022-10-31,1800,1139,70000,60000,70000,38000,22000,Mujer,2022-07-15,AMORE,MUJER,NEGRO,U,TOTAS,
2022-11-02,1230,1319,70000,60000,70000,38430,21570,Hombre,2022-09-08,CUELLO REDONDO,HOMBRE,CAFE,U,TULCAN,
2022-11-04,1200,0081,60000,60000,60000,34666,25334,Hombre,2022-06-01,BUZO ESCALERA,HOMBRE,NEGRO,U,TULCAN,
2022-11-04,1200,1169,60000,50000,60000,30000,20000,Hombre,2022-08-06,508 - BUSO REDONDO TRENZA,MUJER,NEGRO,U,PARADISE,
2022-11-05,1230,1219,18000,15000,18000,8300,6700,Mujer,2022-08-11,BASICA,MUJER,VERDE,L,ETANOL CAMISAS,
2022-11-05,1230,1072,18000,15000,20000,8300,6700,Mujer,2022-06-16,BASICA,MUJER,NARANJA,L,ETANOL CAMISAS,
2022-11-05,1230,1184,28000,20000,28000,18300,1700,Mujer,2022-08-11,TIPO POLO,UNISEX,NEGRO,M,ETANOL CAMISAS,
2022-11-05,1600,1453,80000,70000,80000,47100,22900,Mujer,2022-11-04,CHAQUETA MUJER 1 PIXEL,MUJER,NEGRO,L,NODEK,
2022-11-06,1000,1367,75000,65000,75000,42000,23000,Mujer,2022-10-02,LYRA,MUJER,NEGRO,U,TOTAS,
2022-11-06,1030,1040,75000,65000,75000,42000,23000,Mujer,2022-06-07,URBAN CHICAGO,HOMBRE,GRIS CLARO,U,TOTAS,
2022-11-06,1100,1381,70000,60000,70000,41000,19000,Mujer,2022-10-02,PETALO,MUJER,ROSADO,U,TOTAS,
2022-11-06,1100,1310,65000,50000,65000,36295,13705,Mujer,2022-09-08,CUELLO V,MUJER,MOSTAZA,U,TULCAN,
2022-11-08,1030,1174,70000,60000,70000,45000,15000,Mujer,2022-08-11,CHOMPA CIERRE,UNISEX,NEGRO,XL,ETANOL CAMISAS,
2022-11-08,1200,1365,75000,65000,75000,42000,23000,Mujer,2022-10-02,VIOLETA,MUJER,CRUDO,U,TOTAS,
2022-11-08,1400,1321,75000,70000,75000,42700,27300,Mujer,2022-09-08,CUELLO AMPLIO,MUJER,NEGRO,U,TULCAN,
2022-11-09,930,0029,68000,60000,68000,40000,20000,Mujer,2022-06-01,LEOPARDO,MUJER,GRIS,U,TULCAN,
2022-11-09,930,0054,75000,60000,75000,44666,15334,Mujer,2022-06-01,GABAN CUADRADO,MUJER,ROJO,U,TULCAN,
2022-11-09,930,0043,72000,60000,72000,42666,17334,Mujer,2022-06-01,SACO LARGO CUADROS,MUJER,NEGRO,U,TULCAN,
2022-11-09,930,1133,70000,60000,70000,42000,18000,Mujer,2022-07-15,MAJO,MUJER,CAMEL,U,TOTAS,
2022-11-09,930,1401,80000,60000,80000,47000,13000,Mujer,2022-10-29,SIRIO,MUJER,VERDE,U,TOTAS,
2022-11-09,930,1439,80000,65000,80000,49000,16000,Mujer,2022-10-29,GABAN SMOKING,MUJER,ROJO,L,TOTAS,
2022-11-09,930,1368,75000,60000,75000,42000,18000,Mujer,2022-10-02,LYRA,MUJER,GRIS,U,TOTAS,
2022-11-09,1500,1357,85000,75000,85000,49000,26000,Mujer,2022-10-02,GABAN MILITAR,MUJER,GRIS CLARO,M,TOTAS,
2022-11-10,1200,1407,50000,40000,50000,27000,13000,Mujer,2022-10-29,CHALECO LOLA,MUJER,CAMEL,U,TOTAS,
2022-11-10,1730,1130,65000,60000,65000,35000,25000,Hombre,2022-07-04,LISCIO,HOMBRE,NEGRO,U,TOTAS,
2022-11-10,1900,1251,50000,40000,50000,30000,10000,Hombre,2022-08-11,BUSO CUELLO,UNISEX,NEGRO,L,ETANOL CAMISAS,
2022-11-11,1430,1451,75000,65000,75000,43600,21400,Mujer,2022-11-04,CHAQUETA MUJER 6 PIXEL,MUJER,NEGRO,M,NODEK,
2022-11-11,1530,1299,70000,60000,70000,40565,19435,Mujer,2022-09-08,CONCHA,MUJER,ROJO,U,TULCAN,
2022-11-12,,0024,72000,63000,72000,42666,20334,,2022-06-01,PUNTEADO,MUJER,AZUL,U,TULCAN,
2022-11-15,1300,1378,70000,60000,70000,40000,20000,Mujer,2022-10-02,TOPACIO,MUJER,NEGRO BLANCO,XL,TOTAS,
2022-11-15,1730,1113,75000,70000,75000,43000,27000,Mujer,2022-07-04,CHAQUETA COCO,MUJER,CRUDO,U,TOTAS,
2022-11-16,1030,1449,70000,60000,70000,39900,20100,Mujer,2022-11-04,CHAQUETA BEISBOLERA,HOMBRE,AZUL,M,NODEK,
2022-11-16,1030,0127,85000,75000,85000,50000,25000,Mujer,2022-06-01,GABAN GALLINETO,MUJER,NEGRO,M,TOTAS,
2022-11-18,1730,1107,80000,70000,80000,46000,24000,Mujer,2022-07-04,GABAN SMOKING,MUJER,GRIS,L,TOTAS,
2022-11-19,1330,1088,85000,70000,85000,50000,20000,Hombre,2022-07-04,GABAN CUADROS,MUJER,NEGRO-BEIGE,L,TOTAS,
2022-11-21,1630,1395,,50000,55000,30000,20000,Mujer,2022-10-29,3 BOTON,MUJER,GRIS,U,SAMALU,
2022-11-22,1300,0092,,50000,55000,31333,18667,Mujer,2022-06-01,CUELLO BANDEJA CORTO,MUJER,NEGRO,U,TULCAN,
2022-11-23,1300,1498,,70000,80000,49000,21000,Mujer,2022-11-15,GABAN SMOKING,MUJER,ROJO,L,TOTAS,
2022-11-23,1630,1312,,60000,70000,38430,21570,Mujer,2022-09-08,CUELLO REDONDO,MUJER,CREMA,U,TULCAN,
2022-11-24,1000,1328,,60000,70000,42700,17300,Mujer,2022-09-08,CUELLO ABIERTO,MUJER,AZUL,U,TULCAN,
2022-11-24,1530,1298,,65000,70000,40565,24435,Mujer,2022-09-08,CONCHA,MUJER,MOSTAZA,U,TULCAN,
2022-11-24,1600,1324,,60000,70000,42700,17300,Mujer,2022-09-08,CUELLO ABIERTO,MUJER,NEGRO,U,TULCAN,
2022-11-26,1200,1465,,65000,75000,42000,23000,Mujer,2022-11-15,LYRA,MUJER,GRIS,U,TOTAS,
2022-11-26,1700,0003,,80000,89000,55000,25000,Mujer,2022-06-01,GABAN CYAN,MUJER,NEGRO,S,TOTAS,
2022-11-27,930,1405,,40000,50000,27000,13000,Mujer,2022-10-29,CHALECO LOLA,MUJER,NEGRO,U,TOTAS,
2022-11-28,1530,1466,,65000,75000,42000,23000,Hombre,2022-11-15,LYRA,MUJER,GRIS,U,TOTAS,
2022-11-28,1630,1438,,70000,80000,49000,21000,Mujer,2022-10-29,GABAN SMOKING,MUJER,ROJO,M,TOTAS,
2022-11-30,1430,1112,,60000,65000,35000,25000,Hombre,2022-07-04,LISCIO,HOMBRE,GRIS,U,TOTAS,
2022-11-30,1500,1375,,75000,85000,51000,24000,Mujer,2022-10-02,GABAN CUADROS,MUJER,NEGRO,M,TOTAS,
2022-12-01,1000,1279,,40000,50000,30000,10000,Mujer,2022-08-20,BUSO CUELLO,UNISEX,GRIS,L,ETANOL CAMISAS,
2022-12-01,1100,1288,,60000,70000,40565,19435,Mujer,2022-09-08,BUZO ESCALERA,HOMBRE,AZUL,U,TULCAN,
2022-12-01,1130,1497,,70000,80000,49000,21000,Mujer,2022-11-15,GABAN SMOKING,MUJER,ROJO,S,TOTAS,
2022-12-01,1530,0080,,60000,60000,34666,25334,Mujer,2022-06-01,BUZO ESCALERA,HOMBRE,GRIS,U,TULCAN,
2022-12-01,1600,1508,,70000,75000,44800,25200,Mujer,2022-11-30,CHAQUETA MUJER 2 PIXEL,MUJER,NEGRO,XL,NODEK,
2022-12-01,1630,1509,,70000,75000,44800,25200,Mujer,2022-11-30,CHAQUETA MUJER 2 PIXEL,MUJER,BLANCO,L,NODEK,
2022-12-03,1300,1550,,60000,75000,42400,17600,Mujer,2022-12-02,CHAQUETA LEÑADORA CORTA AMER&CANOS,MUJER,AZUL,M,NODEK,
2022-12-03,1430,1389,,60000,70000,41000,19000,Mujer,2022-10-29,PRICENSA,MUJER,NEGRO,L,SAMALU,
2022-12-03,1630,1437,,70000,80000,49000,21000,Mujer,2022-10-29,GABAN SMOKING,MUJER,NEGRO,L,TOTAS,
2022-12-03,1700,1087,,75000,85000,50000,25000,Mujer,2022-07-04,GABAN CUADROS,MUJER,NEGRO-GRIS,L,TOTAS,
2022-12-03,1730,1376,,75000,85000,51000,24000,Mujer,2022-10-02,GABAN CUADROS,MUJER,NEGRO,L,TOTAS,
2022-12-05,1000,1506,,70000,75000,43600,26400,Mujer,2022-11-30,CHAQUETA MUJER 6 PIXEL,MUJER,NEGRO,XL,NODEK,
2022-12-05,1430,1374,,70000,80000,47000,23000,Hombre,2022-10-02,SIRIO,MUJER,CAMEL,U,TOTAS,
2022-12-05,1830,1250,,45000,50000,30000,15000,Mujer,2022-08-11,BUSO CUELLO,UNISEX,BEIGE,L,ETANOL CAMISAS,
2022-12-06,1030,1456,,30000,40000,20900,9100,Hombre,2022-11-04,BLUSA - CHAQUETA CREMALLERA,MUJER,ROSADO,U,NODEK,
2022-12-08,1400,1362,,45000,50000,27000,18000,Mujer,2022-10-02,CHALECO LOLA,MUJER,NEGRO,U,TOTAS,
2022-12-08,1430,1297,,60000,70000,40565,19435,Mujer,2022-09-08,CONCHA,MUJER,ROSA,U,TULCAN,
2022-12-08,1600,1504,,70000,75000,44800,25200,Mujer,2022-11-30,CHAQUETA MUJER 7 PIXEL,MUJER,ROJO,XL,NODEK,
2022-12-08,1630,1442,,65000,75000,41000,24000,Hombre,2022-10-29,SIENA,MUJER,NEGRO,M,TOTAS,
2022-12-08,1800,1099,,60000,70000,38000,22000,Hombre,2022-07-04,CHAQUETA SIGMA,HOMBRE,GRIS MEDIO,U,TOTAS,
2022-12-09,1200,1476,,70000,75000,41000,29000,Mujer,2022-11-15,SIENA,MUJER,GRIS CLARO,M,TOTAS,
2022-12-10,1130,1125,,60000,70000,38000,22000,Hombre,2022-07-04,CHAQUETA SIGMA,HOMBRE,AZUL,U,TOTAS,
2022-12-10,1700,1137,,60000,70000,38000,22000,Hombre,2022-07-15,TOSCANA,MUJER,BLANCO,S,TOTAS,
2022-12-10,1800,1486,,65000,75000,43000,22000,,2022-11-15,LUNA,MUJER,BLANCO,U,SAMALU,
2022-12-11,1000,1539,,55000,65000,36000,19000,Mujer,2022-12-02,BUSO TEJIDO AMARA MON,MUJER,NEGRO,U,NODEK,
2022-12-11,1100,1487,,65000,75000,43000,22000,Mujer,2022-11-15,LUNA,MUJER,BLANCO,U,SAMALU,
2022-12-11,1200,1280,,40000,50000,30000,10000,Mujer,2022-08-20,BUSO CUELLO,UNISEX,ROJO,S,ETANOL CAMISAS,
2022-12-11,1500,1519,,30000,40000,18800,11200,Hombre,2022-12-01,CHAQUETA ROMPEVIENTOS SENCILLA,UNISEX,AZUL,L,NODEK,
2022-12-11,1600,0117,,50000,60000,34000,16000,Mujer,2022-06-01,POLO REDONDO,HOMBRE,NEGRO,U,TOTAS,
2022-12-11,1700,1543,,30000,40000,18800,11200,Mujer,2022-12-02,CHAQUETA ROMPEVIENTOS SENCILLA,UNISEX,NEGRO,U,NODEK,
2022-12-11,1700,1523,,30000,40000,18800,11200,Mujer,2022-12-01,CHAQUETA ROMPEVIENTOS SENCILLA,UNISEX,NEGRO,U,NODEK,
2022-12-12,1130,1573,,40000,50000,24800,15200,Mujer,2022-12-11,SACO MARCADO 2 SENCILLO EXMANJEANS,HOMBRE,NEGRO,L,NODEK,
2022-12-12,1500,1478,,70000,70000,41000,29000,Mujer,2022-11-15,AMORE,MUJER,NEGRO,U,TOTAS,
2022-12-12,1630,1393,,50000,55000,30000,20000,Mujer,2022-10-29,3 BOTON,MUJER,GRIS,U,SAMALU,
2022-12-13,1430,1516,,60000,70000,39900,20100,Mujer,2022-11-30,CHAQUETA BEISBOLERA,HOMBRE,GRIS,M,NODEK,
2022-12-13,1830,1540,,55000,65000,36000,19000,Mujer,2022-12-02,BUSO TEJIDO AMARA MON,MUJER,BLANCO,U,NODEK,
2022-12-14,1230,1349,,65000,75000,41000,24000,Mujer,2022-10-02,SIENA,MUJER,CRUDO,M,TOTAS,
2022-12-14,1430,1140,,60000,70000,38000,22000,Mujer,2022-07-15,AMORE,MUJER,NEGRO,U,TOTAS,
2022-12-15,1230,0040,,60000,70000,40000,20000,Mujer,2022-06-01,MARA,MUJER,NEGRO,S,TOTAS,Estaba sin etiqueta
2022-12-15,1630,1301,,60000,70000,40565,19435,Mujer,2022-09-08,NURIJEF,MUJER,GRIS,U,TULCAN,
2022-12-15,1900,1221,,15000,18000,8300,6700,Mujer,2022-08-11,BASICA,MUJER,BEIGE,L,ETANOL CAMISAS,
2022-12-16,1030,1396,,45000,55000,30000,15000,Mujer,2022-10-29,3 BOTON,MUJER,NEGRO,U,SAMALU,
2022-12-16,1900,0008,,65000,75000,43000,22000,Hombre,2022-06-01,BLAZER,HOMBRE,GRIS,XL,TOTAS,
2022-12-17,1100,1406,,40000,50000,27000,13000,Mujer,2022-10-29,CHALECO LOLA,MUJER,CAMEL,U,TOTAS,
2022-12-17,1130,1444,,55000,65000,36000,19000,Mujer,2022-11-04,BUSO TEJIDO AMARA MON,MUJER,PALO ROSA,U,NODEK,
2022-12-17,1200,1436,,70000,80000,49000,21000,Mujer,2022-10-29,GABAN SMOKING,MUJER,NEGRO,M,TOTAS,
2022-12-17,1800,1488,,70000,75000,43000,27000,Mujer,2022-11-15,LUNA,MUJER,GRIS,U,SAMALU,
2022-12-18,1200,1567,,55000,65000,31800,23200,Mujer,2022-12-11,CHAQUETA BEISBOLERA,MUJER,NEGRO,L,NODEK,
2022-12-18,1330,1360,,75000,85000,49000,26000,Mujer,2022-10-02,GABAN MILITAR,MUJER,GRIS CLARO,L,TOTAS,
2022-12-18,1530,1402,,70000,75000,42000,28000,Mujer,2022-10-29,VIOLETA,MUJER,NARANJA,U,TOTAS,
2022-12-19,1200,1450,,65000,75000,43600,21400,Mujer,2022-11-04,CHAQUETA MUJER 6 PIXEL,MUJER,NEGRO,L,NODEK,
2022-12-19,1230,1541,,55000,65000,36000,19000,Mujer,2022-12-02,BUSO TEJIDO AMARA MON,MUJER,VERDE,U,NODEK,
2022-12-19,1300,1165,,55000,65000,34000,21000,Mujer,2022-08-06,512 - VESTIDO,MUJER,VERDE,U,PARADISE,
2022-12-19,1400,1441,,65000,75000,41000,24000,Mujer,2022-10-29,SIENA,MUJER,NEGRO,L,TOTAS,
2022-12-19,1500,1587,,70000,75000,43600,26400,Mujer,2022-12-15,CHAQUETA MUJER 6 PIXEL,MUJER,NEGRO,XL,NODEK,
2022-12-19,1700,1200,,15000,20000,13300,1700,Mujer,2022-08-11,BODY,MUJER,BLANCO,U,ETANOL CAMISAS,
2022-12-20,1000,1549,,40000,50000,24800,15200,Hombre,2022-12-02,SACO MARCADO 2 SENCILLO EXMANJEANS,HOMBRE,MORADO,L,NODEK,
2022-12-20,1200,0107,,65000,78000,46000,19000,Mujer,2022-06-01,CAP NOA,MUJER,GRIS NEGRO,U,TULCAN,
2022-12-20,1700,1464,,65000,75000,42000,23000,Mujer,2022-11-15,VIOLETA,MUJER,CRUDO,U,TOTAS,
2022-12-20,1800,1467,,65000,75000,42000,23000,Hombre,2022-11-15,LYRA,MUJER,GRIS,U,TOTAS,
2022-12-20,1830,1576,,70000,80000,47100,22900,Hombre,2022-12-11,CHAQUETA PUFFER IMPERMEABLE BICOLOR,HOMBRE,AZUL,L,NODEK,
2022-12-21,1200,1315,,60000,70000,38430,21570,Mujer,2022-09-08,CUELLO REDONDO,MUJER,GRIS,U,TULCAN,
2022-12-21,1200,1348,,65000,75000,41000,24000,Mujer,2022-10-02,SIENA,MUJER,CRUDO,L,TOTAS,
2022-12-21,1530,1082,,80000,95000,67000,13000,Hombre,2022-06-16,CHAQUETA,HOMBRE,NEGRO,XL,TEJIDOS RICHARDS,
2022-12-21,1600,1570,,60000,70000,39900,20100,Mujer,2022-12-11,CHAQUETA BEISBOLERA,HOMBRE,AZUL OSCURO,M,NODEK,
2022-12-21,1630,1333,,60000,70000,40565,19435,Mujer,2022-09-08,CANGURO,MUJER,ROSADO,U,TULCAN,
2022-12-21,1700,0051,,60000,72000,42667,17333,Mujer,2022-06-01,AJEDREZ,MUJER,VINOTINTO,U,TULCAN,
2022-12-21,1730,1178,,60000,70000,45000,15000,Hombre,2022-08-11,CHOMPA CIERRE,UNISEX,BLANCO,XL,ETANOL CAMISAS,
2022-12-21,1830,1542,,55000,65000,36000,19000,Mujer,2022-12-02,BUSO TEJIDO AMARA MON,MUJER,TERRACOTA,U,NODEK,
2022-12-21,1830,1385,,90000,100000,72000,18000,Mujer,2022-10-02,APLIQUE,HOMBRE,TABACO,M,TOTAS,
2022-12-22,1130,1234,,20000,25000,17500,2500,Mujer,2022-08-11,BASICA,HOMBRE,BLANCO,M,ETANOL CAMISAS,
2022-12-22,1130,1230,,20000,25000,17500,2500,Mujer,2022-08-11,BASICA,HOMBRE,NEGRO,M,ETANOL CAMISAS,
2022-12-22,1500,1583,,55000,65000,36000,19000,Mujer,2022-12-11,BUSO TEJIDO AMARA MON,MUJER,TERRACOTA,U,NODEK,
2022-12-22,1830,1581,,55000,65000,36000,19000,Mujer,2022-12-11,BUZO TEJIDO MAJO. MON,MUJER,VERDE,U,NODEK,
2022-12-23,1530,1355,,60000,70000,40000,20000,Hombre,2022-10-02,KABUL,HOMBRE,GRIS,U,TOTAS,
2022-12-23,1600,1039,,60000,65000,39000,21000,Mujer,2022-06-07,TOPACIO,MUJER,GRIS,M,TOTAS,
2022-12-23,1630,1457,,60000,70000,41000,19000,Mujer,2022-11-15,PETALO,MUJER,ROSADO,U,TOTAS,
2022-12-23,1730,0130,,55000,65000,37300,17700,Mujer,2022-06-01,ADARA,MUJER,CREMA,M,TOTAS,
2022-12-23,1500,1475,,65000,75000,41000,24000,Hombre,2022-11-15,SIENA,MUJER,GRIS CLARO,L,TOTAS,
2022-12-23,1600,1463,,65000,75000,42000,23000,Mujer,2022-11-15,VIOLETA,MUJER,CRUDO,U,TOTAS,
2022-12-23,1800,1468,,65000,75000,42000,23000,Mujer,2022-11-15,LYRA,MUJER,GRIS,U,TOTAS,
2022-12-24,1000,1588,,65000,75000,43600,21400,Mujer,2022-12-15,CHAQUETA MUJER 6 PIXEL,MUJER,NEGRO,L,NODEK,
2022-12-24,1030,1571,,40000,50000,24800,15200,Mujer,2022-12-11,SACO MARCADO 2 SENCILLO EXMANJEANS,HOMBRE,AMARILLO,XL,NODEK,
2022-12-24,1030,1572,,40000,50000,24800,15200,Mujer,2022-12-11,SACO MARCADO 2 SENCILLO EXMANJEANS,HOMBRE,NEGRO,XL,NODEK,
2022-12-24,1100,1129,,60000,65000,35000,25000,Mujer,2022-07-04,LISCIO,HOMBRE,NEGRO,U,TOTAS,
2022-12-24,1200,1445,,55000,65000,36000,19000,Mujer,2022-11-04,BUZO TEJIDO MAJO. MON,MUJER,ROSA GUAVA,U,NODEK,
2022-12-24,1330,1343,,50000,60000,32000,18000,Mujer,2022-10-02,POLO,HOMBRE,AZUL,S,TOTAS,
2022-12-24,1500,1227,,15000,20000,10800,4200,Mujer,2022-08-11,CUELLO V,HOMBRE,AZUL,M,ETANOL CAMISAS,
2022-12-24,1600,1404,,45000,50000,27000,18000,Mujer,2022-10-29,CHALECO LOLA,MUJER,AGUA MARINA,U,TOTAS,
2022-12-24,1430,1384,,50000,60000,33000,17000,Mujer,2022-10-02,GEMELO,MUJER,MENTA,U,TOTAS,
2022-12-24,1730,1272,,45000,50000,30000,15000,Mujer,2022-08-20,BUSO CUELLO,UNISEX,AZUL,M,ETANOL CAMISAS,
2022-12-24,1830,1313,,60000,70000,38430,21570,Mujer,2022-09-08,CUELLO REDONDO,MUJER,ROSADO,U,TULCAN,
2022-12-24,1830,1359,,75000,85000,49000,26000,Mujer,2022-10-02,GABAN MILITAR,MUJER,NEGRO,L,TOTAS,
2022-12-26,1100,1080,,60000,70000,42000,18000,Hombre,2022-06-16,CHALECO,HOMBRE,GRIS,L,TEJIDOS RICHARDS,
2022-12-26,1130,1538,,55000,65000,35300,19700,Mujer,2022-12-02,SACO TEJIDO MIA MON,MUJER,NEGRO,U,NODEK,
2022-12-26,1300,1246,,45000,50000,30000,15000,Hombre,2022-08-11,BUSO CUELLO,UNISEX,CIAN,M,ETANOL CAMISAS,
2022-12-26,1430,1499,,70000,80000,49000,21000,Mujer,2022-11-15,GABAN SMOKING,MUJER,NEGRO,S,TOTAS,
2022-12-26,1700,1248,,45000,50000,30000,15000,Hombre,2022-08-11,BUSO CUELLO,UNISEX,ROSADO,M,ETANOL CAMISAS,
2022-12-26,1800,0066,,60000,66000,38666,21334,Mujer,2022-06-01,BUZO RAYAS,MUJER,VERDE,U,TULCAN,
2022-12-27,,1350,,70000,75000,41000,29000,Mujer,2022-10-02,SIENA,MUJER,NEGRO,M,TOTAS,
2022-12-27,1430,1510,,70000,75000,44800,25200,Mujer,2022-11-30,CHAQUETA MUJER 2 PIXEL,MUJER,BLANCO,XL,NODEK,
2022-12-27,1600,1400,,70000,80000,47000,23000,Mujer,2022-10-29,SIRIO,MUJER,VERDE,U,TOTAS,
2022-12-28,1200,1515,,60000,70000,39900,20100,Hombre,2022-11-30,CHAQUETA BEISBOLERA,HOMBRE,AZUL,L,NODEK,
2022-12-28,1230,1270,,20000,25000,13800,6200,Hombre,2022-08-20,CAMIBUSO,HOMBRE,ROJO,XL,ETANOL CAMISAS,
2022-12-28,1230,1044,,20000,22000,10300,9700,Hombre,2022-06-16,BASICA,HOMBRE,GRIS,XL,ETANOL CAMISAS,
2022-12-28,1300,1544,,55000,65000,36000,19000,Mujer,2022-12-02,BUZO TEJIDO MAJO. MON,MUJER,ROJO,U,NODEK,
2022-12-28,1330,1205,,15000,18000,9300,5700,Mujer,2022-08-11,CAMISILLA,MUJER,ROJO,M,ETANOL CAMISAS,
2022-12-28,1330,1204,,15000,18000,9300,5700,Mujer,2022-08-11,CAMISILLA,MUJER,NEGRO,M,ETANOL CAMISAS,
2022-12-29,1000,1443,,55000,65000,36000,19000,Mujer,2022-11-04,BUSO TEJIDO AMARA MON,MUJER,GRIS,U,NODEK,
2022-12-29,1100,1351,,65000,75000,41000,24000,Mujer,2022-10-02,SIENA,MUJER,NEGRO,L,TOTAS,
2022-12-29,1400,1076,,18000,20000,9100,8900,Mujer,2022-06-16,BASICA,MUJER,AZUL,XL,ETANOL CAMISAS,
2022-12-29,1430,1065,,18000,20000,8300,9700,Mujer,2022-06-16,BASICA,MUJER,VERDE OSCURO,L,ETANOL CAMISAS,
2022-12-29,1430,1050,,18000,20000,8300,9700,Mujer,2022-06-16,BASICA,MUJER,VINO TINTO,L,ETANOL CAMISAS,
2022-12-29,1500,1134,,65000,70000,42000,23000,Hombre,2022-07-15,MAJO,MUJER,CRUDO,U,TOTAS,
2022-12-29,1530,1536,,55000,65000,35300,19700,Mujer,2022-12-02,SACO TEJIDO MIA MON,MUJER,VERDE,U,NODEK,
2022-12-29,1630,1473,,65000,75000,41000,24000,Mujer,2022-11-15,SIENA,MUJER,GRIS CLARO,L,TOTAS,
2022-12-29,,1092,,70000,70000,38000,32000,Mujer,2022-07-04,CHAQUETA SIGMA,HOMBRE,NEGRO,U,TOTAS,
2022-12-30,1100,1003,,60000,70000,38000,22000,Mujer,2022-06-07,AMORE,MUJER,ROSADO,U,TOTAS,
2022-12-30,1100,1599,,55000,65000,36600,18400,Mujer,2022-12-28,BUSO TEJIDO AMARA MON,MUJER,BLANCO NEGRO,U,NODEK,
2022-12-30,1200,1383,,50000,60000,33000,17000,Mujer,2022-10-02,GEMELO,MUJER,NEGRO,U,TOTAS,
2022-12-30,1200,1533,,55000,65000,36000,19000,Mujer,2022-12-02,BUZO TEJIDO FRIDA MON,MUJER,NEGRO,U,NODEK,
2022-12-30,1530,1610,,55000,65000,35624,19376,Mujer,2022-12-28,CAMISA LEÑADORA DAMA,MUJER,NEGRO BLANCO,L,NODEK,
2022-12-30,1530,1562,,55000,65000,35600,19400,Hombre,2022-12-02,CAMISA JEAN MANGA CORTA STREET,HOMBRE,AZUL,M,NODEK,
2022-12-30,1800,1507,,65000,75000,43600,21400,Mujer,2022-11-30,CHAQUETA MUJER 6 PIXEL,MUJER,NEGRO,XL,NODEK,
2022-12-31,1100,1399,,60000,70000,39000,21000,Mujer,2022-10-29,VANIZADO,MUJER,GRIS,U,SAMALU,
2022-12-31,1100,1592,,65000,75000,43127,21873,Mujer,2022-12-28,GABAN LUCY MON,MUJER,NEGRO,U,NODEK,
2022-12-31,1330,1332,,60000,70000,40565,19435,Mujer,2022-09-08,CANGURO,MUJER,GRIS OSCURO,U,TULCAN,
2022-12-31,1400,1311,,60000,70000,38430,21570,Mujer,2022-09-08,CUELLO REDONDO,MUJER,GRIS,U,TULCAN,
2022-12-31,1500,1607,,65000,75000,43127,21873,Mujer,2022-12-28,CHAQUETA LEÑADORA CORTA AMER&CANOS,MUJER,AZUL,XL,NODEK,
2022-12-31,1600,1266,,20000,25000,13800,6200,Mujer,2022-08-20,CAMIBUSO,HOMBRE,GRIS,S,ETANOL CAMISAS,
2022-12-31,1630,1580,,70000,80000,47100,22900,Mujer,2022-12-11,CHAQUETA MUJER 1 PIXEL,MUJER,NEGRO,XL,NODEK,
2022-12-31,1700,1579,,65000,75000,42400,22600,Mujer,2022-12-11,CHAQUETA LEÑADORA CORTA AMER&CANOS,MUJER,CAFE,M,NODEK,
2022-12-31,1800,0047,,65000,72000,42667,22333,Mujer,2022-06-01,PUNTEADO,MUJER,ROSADO,U,TULCAN,